-- Jogadores
INSERT INTO jogador (nome) VALUES ('Carlos Silva');
INSERT INTO jogador (nome) VALUES ('João Santos');
INSERT INTO jogador (nome) VALUES ('Roberto Souza');
INSERT INTO jogador (nome) VALUES ('Pedro Oliveira');
INSERT INTO jogador (nome) VALUES ('Marcos Lima');
INSERT INTO jogador (nome) VALUES ('Lucas Carvalho');
INSERT INTO jogador (nome) VALUES ('Daniel Ferreira');
INSERT INTO jogador (nome) VALUES ('José Costa');

-- -- Partidas
INSERT INTO partida (gols_timea, gols_timeb, data_hora, local) VALUES (2, 3, '2024-11-05T10:00:00', 'Campo Central');

INSERT INTO partida (gols_timea, gols_timeb, data_hora, local) VALUES (1, 1, '2024-11-12T16:00:00', 'Campo Sul');

-- -- Jogadores nos Times das Partidas
INSERT INTO PARTIDA_JOGADORES_TIMEA (PARTIDA_ID, JOGADORES_TIMEA_ID) VALUES (1, 1);
INSERT INTO PARTIDA_JOGADORES_TIMEA (PARTIDA_ID, JOGADORES_TIMEA_ID) VALUES (1, 2);
INSERT INTO PARTIDA_JOGADORES_TIMEA (PARTIDA_ID, JOGADORES_TIMEA_ID) VALUES (1, 3);
INSERT INTO PARTIDA_JOGADORES_TIMEB (PARTIDA_ID, JOGADORES_TIMEB_ID) VALUES (1, 4);
INSERT INTO PARTIDA_JOGADORES_TIMEB (PARTIDA_ID, JOGADORES_TIMEB_ID) VALUES (1, 5);
INSERT INTO PARTIDA_JOGADORES_TIMEB (PARTIDA_ID, JOGADORES_TIMEB_ID) VALUES (1, 6);

INSERT INTO PARTIDA_JOGADORES_TIMEA (PARTIDA_ID, JOGADORES_TIMEA_ID) VALUES (2, 7);
INSERT INTO PARTIDA_JOGADORES_TIMEA (PARTIDA_ID, JOGADORES_TIMEA_ID) VALUES (2, 8);
INSERT INTO PARTIDA_JOGADORES_TIMEB (PARTIDA_ID, JOGADORES_TIMEB_ID) VALUES (2, 1);
INSERT INTO PARTIDA_JOGADORES_TIMEB (PARTIDA_ID, JOGADORES_TIMEB_ID) VALUES (2, 3);
